{"cameraMode":{"drawMode":0,"name":"Shaded","section":"Shading Mode"},"sceneLighting":true,"audioPlay":false,"sceneViewState":{"showFog":true,"showMaterialUpdate":false,"showSkybox":true,"showFlares":true,"showImageEffects":true,"showParticleSystems":true},"in2DMode":false,"pivot":{"x":327.8028564453125,"y":248.5045166015625,"z":-91.03028869628906},"rotation":{"x":0.3574773371219635,"y":-0.14748278260231019,"z":0.058299385011196139,"w":0.920711874961853},"size":9.550000190734864,"orthographic":false}