{"cameraMode":{"drawMode":0,"name":"Shaded","section":"Shading Mode"},"sceneLighting":false,"audioPlay":false,"sceneViewState":{"showFog":true,"showMaterialUpdate":false,"showSkybox":false,"showFlares":true,"showImageEffects":true,"showParticleSystems":true},"in2DMode":false,"pivot":{"x":0.35482314229011538,"y":1.497092366218567,"z":0.6613088250160217},"rotation":{"x":0.06424819678068161,"y":-0.90945965051651,"z":0.15440796315670014,"w":0.3811318278312683},"size":1.7593251466751099,"orthographic":false}