{"cameraMode":{"drawMode":0,"name":"Shaded","section":"Shading Mode"},"sceneLighting":false,"audioPlay":false,"sceneViewState":{"showFog":true,"showMaterialUpdate":false,"showSkybox":false,"showFlares":true,"showImageEffects":true,"showParticleSystems":true},"in2DMode":false,"pivot":{"x":-32.189998626708987,"y":3.1877951622009279,"z":1.4399986267089844},"rotation":{"x":0.16514481604099275,"y":0.009737085551023484,"z":-0.001547518651932478,"w":0.9863070249557495},"size":5.420093059539795,"orthographic":false}