{"cameraMode":{"drawMode":0,"name":"Shaded","section":"Shading Mode"},"sceneLighting":false,"audioPlay":false,"sceneViewState":{"showFog":true,"showMaterialUpdate":false,"showSkybox":false,"showFlares":true,"showImageEffects":true,"showParticleSystems":true},"in2DMode":false,"pivot":{"x":-21.040000915527345,"y":3.0277953147888185,"z":1.4399986267089844},"rotation":{"x":0.33525118231773379,"y":-0.025432651862502099,"z":0.009056128561496735,"w":0.9417452216148377},"size":5.420093059539795,"orthographic":false}